{
  "AWSTemplateFormatVersion": "2010-09-09",
  "Description": "",
  "Parameters": {
    "SNSTopicName": {
      "Type": "String",
      "Description": "Rest endpoint for SNS post notifications",
      "ConstraintDescription": "SNS endpoint should be a valid HTTPS URL"
    },
    "S3Bucket": {
      "Type": "String",
      "Description": "Specify the S3 Bucket Name for Storing CloudTrail Logs",
      "ConstraintDescription": "pcds-may01-ct-01"
    },
    "CTTrailName": {
      "Type": "String",
      "Description": "Specify the S3 Bucket Name for Storing CloudTrail Logs",
      "ConstraintDescription": "pcds-may01-ct-01"
    }    
  },
  "Resources": {
    "CloudTrail": {
      "Type": "AWS::CloudTrail::Trail",
      "Properties": {
        "TrailName": {
          "Ref": "CTTrailName"
        },
        "IsLogging": true,
        "EnableLogFileValidation": false,
        "EventSelectors": [
          {
            "IncludeManagementEvents": true,
            "ReadWriteType": "WriteOnly"
          },
          {
            "DataResources": [
              {
                "Type": "AWS::S3::Object",
                "Values": [
                  "arn:aws:s3:::"
                ]
              }
            ],
            "ReadWriteType": "WriteOnly"
          }
        ],
        "IsMultiRegionTrail": true,
        "IncludeGlobalServiceEvents": true,
        "S3BucketName": {
          "Ref": "S3Bucket"
        },
        "SnsTopicName": {
          "Ref": "SNSTopicName"
        }
      }
    }
  }
}
