{
  "AWSTemplateFormatVersion": "2010-09-09",
  "Description": "",
  "Parameters": {
    "S3Bucket": {
      "Type": "String",
      "Description": "Specify the S3 Bucket Name for Storing CloudTrail Logs",
      "ConstraintDescription": "This can be same account bucket"
    }
  },
  "Resources": {
    "BucketPolicy": {
      "Type": "AWS::S3::BucketPolicy",
      "Properties": {
        "Bucket": {
          "Ref": "S3Bucket"
        },
        "PolicyDocument": {
          "Version": "2012-10-17",
          "Statement": [
            {
              "Sid": "AWSCloudTrailAclCheck",
              "Effect": "Allow",
              "Principal": {
                "Service": "cloudtrail.amazonaws.com"
              },
              "Action": "s3:GetBucketAcl",
              "Resource": {
                "Fn::Join": [
                  "",
                  [
                    "arn:aws:s3:::",
                    {
                      "Ref": "S3Bucket"
                    }
                  ]
                ]
              }
            },
            {
              "Sid": "AWSCloudTrailWrite",
              "Effect": "Allow",
              "Principal": {
                "Service": "cloudtrail.amazonaws.com"
              },
              "Action": "s3:PutObject",
              "Resource": {
                "Fn::Join": [
                  "",
                  [
                    "arn:aws:s3:::",
                    {
                      "Ref": "S3Bucket"
                    },
                    "/AWSLogs/",
                    {
                      "Ref": "AWS::AccountId"
                    },
                    "/*"
                  ]
                ]
              },
              "Condition": {
                "StringEquals": {
                  "s3:x-amz-acl": "bucket-owner-full-control"
                }
              }
            }
          ]
        }
      }
    }
  }
}
